<?xml version="1.0" encoding="UTF-8" standalone="yes"?>
<addon id="Kluggis-Repo" name="KluggiWizard" version="1.0" provider-name="LoboTommmy">
    <extension point="xbmc.addon.repository" name="Example Repository">
        <dir>
            <info compressed="false">https://raw.githubusercontent.com/LoboTommmy/Kluggis-Repo/master/repo/zips/addons.xml</info>
            <checksum>https://raw.githubusercontent.com/LoboTommmy/Kluggis-Repo/master/repo/zips/addons.xml.md5</checksum>
            <datadir zip="true">https://raw.githubusercontent.com/LoboTommmy/Kluggis-Repo/master/repo/zips/</datadir>
        </dir>
    </extension>
    <extension point="xbmc.addon.metadata">
        <summary>Kluggis-Repo</summary>
        <description>Install epo und Wizard von Kluggi</description>
        <disclaimer></disclaimer>
        <platform>all</platform>
        <assets>
            <icon>icon.png</icon>
            <fanart>fanart.jpg</fanart>
        </assets>
    </extension>
</addon>